timestamp,risk_score
2025-12-24 18:15:58.644257,0.993
2025-12-24 18:24:16.098647,0.304
2025-12-24 18:35:03.617884,0.993
2025-12-24 18:44:36.815639,0.993
2025-12-24 18:48:12.730827,0.301
2025-12-24 18:50:15.320197,0.301
2025-12-24 18:50:15.525427,0.301
2025-12-24 18:52:06.902466,0.3
2025-12-24 18:52:08.892964,0.3
2025-12-24 18:59:03.388525,0.3
2025-12-24 18:59:47.827246,0.3
2025-12-24 19:00:09.519150,0.3
2025-12-24 19:01:14.942052,0.3
2025-12-24 19:01:25.631995,0.3
2025-12-24 19:01:27.245082,0.3
2025-12-24 19:02:18.195051,0.3
2025-12-24 19:59:38.450975,0.993
2025-12-24 20:53:27.604873,0.993
2025-12-24 20:54:17.759164,0.993
2025-12-24 20:54:21.021993,0.993
2025-12-24 21:20:08.714510,0.993
2025-12-24 21:20:15.772474,0.993
2025-12-24 21:20:15.988237,0.993
