monthly_sales,revenue,customer_count,churn_rate,support_tickets,marketing_spend,failed,Date
152,309888,4815,0.15546446500377709,3,27616,0,2024-01-31
485,186615,816,0.3711740252862546,66,15119,0,2024-02-29
910,380463,1473,0.40755919224018394,33,26159,0,2024-03-31
320,102193,3425,0.3074891201705662,184,38099,0,2024-04-30
156,46187,20,0.34394205493995755,176,11295,1,2024-05-31
121,148311,1878,0.18762995222133316,180,35710,0,2024-06-30
750,396598,4877,0.26934783367151954,115,25685,0,2024-07-31
70,286633,894,0.2620795853630811,22,26479,0,2024-08-31
664,199089,3574,0.42402389556538594,108,47172,0,2024-09-30
171,71877,1399,0.4199819901410913,68,34629,1,2024-10-31
516,446341,3411,0.4163402346735216,94,43043,0,2024-11-30
264,322066,4331,0.005515807131232897,180,18033,0,2024-12-31
380,104074,834,0.3747727422344441,61,37902,0,2025-01-31
508,173121,2275,0.3793381950555024,168,45571,0,2025-02-28
137,47131,946,0.3391894114275709,56,16408,1,2025-03-31
422,446160,2810,0.3781323289457263,187,18420,0,2025-04-30
149,125765,2563,0.42098518574835436,53,17351,1,2025-05-31
921,346107,3855,0.23515952705089282,69,5131,0,2025-06-30
713,116884,1806,0.25102510674422357,100,45825,0,2025-07-31
180,135917,63,0.06235702845569524,56,12349,0,2025-08-31
711,296429,736,0.1926879415236809,137,45254,0,2025-09-30
358,309770,2746,0.32168258995589216,167,39225,0,2025-10-31
819,183880,3180,0.39019988807363726,134,39847,0,2025-11-30
393,491680,1923,0.10860454884560528,102,13453,0,2025-12-31
541,457087,1606,0.0689114495796177,165,19814,0,2026-01-31
463,291342,1924,0.3315210022502461,84,19263,0,2026-02-28
855,422974,2476,0.0009399417624553208,60,13158,0,2026-03-31
435,25254,2747,0.08918629215366491,2,16735,0,2026-04-30
241,54238,859,0.014535690171976867,127,16830,0,2026-05-31
326,11252,2119,0.08344255892743546,178,48893,0,2026-06-30
210,311908,12,0.09065963996275261,85,45673,0,2026-07-31
509,349853,4265,0.1938367973751971,46,24926,0,2026-08-31
363,440657,4079,0.20116356234327798,195,46066,0,2026-09-30
71,495450,4886,0.4371312353051189,75,35779,1,2026-10-31
302,325826,902,0.2550548562494126,37,4373,0,2026-11-30
797,331638,2040,0.36170238280614314,163,11335,0,2026-12-31
906,91317,3170,0.05206867896014372,168,24741,0,2027-01-31
610,337359,2386,0.11271937773184693,196,11692,0,2027-02-28
524,88587,4685,0.3514717204893384,140,48295,0,2027-03-31
108,16949,1943,0.026401980234264044,86,46541,0,2027-04-30
560,248897,1390,0.24329883112187656,57,35057,0,2027-05-31
731,327537,3691,0.2996844828314669,49,2447,0,2027-06-30
525,214625,1300,0.3010728220262405,29,20583,0,2027-07-31
749,148013,1650,0.011466405634021015,189,23765,0,2027-08-31
832,35934,2692,0.16105400211459275,100,24906,0,2027-09-30
239,426602,997,0.318245325524577,24,20567,0,2027-10-31
736,266434,1228,0.07449986807462172,111,15139,0,2027-11-30
612,465102,1365,0.3477078241640266,154,47525,0,2027-12-31
925,347889,4275,0.37296260440683726,178,39230,0,2028-01-31
616,486467,4626,0.49098459522307264,184,20520,0,2028-02-29
293,366600,4145,0.10492099742820471,125,20702,0,2028-03-31
881,325557,1570,0.4125653338330576,122,26566,0,2028-04-30
554,460016,1428,0.260148288459327,46,8657,0,2028-05-31
180,369383,964,0.18673129807208672,117,38688,0,2028-06-30
534,314462,993,0.06118837866258897,38,31134,0,2028-07-31
868,260875,984,0.3677528032437688,15,11345,0,2028-08-31
696,473389,4143,0.11792879957184355,21,42185,0,2028-09-30
70,80390,3982,0.18571100093652287,53,28413,0,2028-10-31
890,193401,923,0.03127111344868422,148,6208,0,2028-11-30
216,263490,4559,0.4006834579097595,199,34455,0,2028-12-31
323,53088,46,0.38329426198582167,15,29018,0,2029-01-31
437,257940,3397,0.36680791502115623,58,46991,0,2029-02-28
650,375340,1721,0.14972175524594333,30,9080,0,2029-03-31
365,443027,3030,0.08674003713297862,169,22902,0,2029-04-30
63,327623,805,0.3187766322351149,31,10486,1,2029-05-31
291,226464,4046,0.24808319205660972,186,39862,0,2029-06-30
826,228441,4698,0.08912623345232079,161,22158,0,2029-07-31
395,292107,3121,0.34295563552493186,8,41460,0,2029-08-31
614,327267,1334,0.49556321591065183,138,44856,0,2029-09-30
947,135911,327,0.37360979387101884,9,36871,0,2029-10-31
389,374612,2406,0.3699931933428059,16,36208,0,2029-11-30
141,233777,2172,0.47515637646529585,67,21519,1,2029-12-31
416,345621,2755,0.1014681837874511,47,32379,0,2030-01-31
504,286532,1601,0.2827749824607202,179,29378,0,2030-02-28
477,15569,3121,0.4898233575169417,110,40892,0,2030-03-31
558,79836,3940,0.08264705548508727,152,15031,0,2030-04-30
825,114573,2006,0.3501259797222605,122,15536,0,2030-05-31
992,439802,1322,0.292905072985951,148,1446,0,2030-06-30
84,268090,1295,0.2932395460943535,100,37683,0,2030-07-31
255,153087,4321,0.34883531376003757,101,49555,0,2030-08-31
130,55002,2393,0.4648084614378421,64,18618,1,2030-09-30
981,257666,3249,0.391290969925669,190,7587,0,2030-10-31
611,147326,2149,0.028068051708105002,50,32480,0,2030-11-30
921,420360,1714,0.4263640099378556,35,33994,0,2030-12-31
437,165286,372,0.11277066496286631,80,21527,0,2031-01-31
51,221791,2614,0.18845708236818598,126,24569,0,2031-02-28
439,212846,1726,0.23086640680619108,87,12151,0,2031-03-31
615,147162,4461,0.24045300037653483,193,6558,0,2031-04-30
155,152709,4296,0.2175901996276784,103,45739,0,2031-05-31
821,163487,3748,0.4686766471079322,14,33954,0,2031-06-30
871,34071,2479,0.3530095038320123,95,48448,0,2031-07-31
526,68243,4805,0.3155853229783532,166,48327,0,2031-08-31
752,397971,566,0.024921013891470778,122,44837,0,2031-09-30
451,380359,835,0.45195666513018734,197,36303,0,2031-10-31
779,182312,2818,0.4546950960041981,0,35700,0,2031-11-30
605,267218,4531,0.39010653171505116,150,28500,0,2031-12-31
211,224879,2729,0.003514601906809578,121,3032,0,2032-01-31
251,373714,3518,0.028640125538811678,166,2252,0,2032-02-29
319,436650,3751,0.11261185113424488,125,6509,0,2032-03-31
912,341868,1584,0.06567470407245335,56,38842,0,2032-04-30
865,387503,4008,0.19941801485186472,80,14900,0,2032-05-31
320,347841,2139,0.46131152904389483,161,15523,0,2032-06-30
505,38732,2413,0.23603021709849914,168,2881,0,2032-07-31
511,131465,3339,0.006701313216082805,72,34037,0,2032-08-31
776,414530,598,0.141372844789381,140,2630,0,2032-09-30
301,427170,2022,0.02229745418648077,69,21789,0,2032-10-31
751,67108,1557,0.01814381130675108,5,23523,0,2032-11-30
345,490260,304,0.13785992654777612,83,18958,0,2032-12-31
774,490721,1995,0.1378061693394727,51,47151,0,2033-01-31
769,121195,3127,0.393563301300802,2,49920,0,2033-02-28
798,375225,1700,0.48741732639055596,80,44852,0,2033-03-31
387,46668,1146,0.18560354694499914,62,2695,0,2033-04-30
928,295205,2074,0.2144434394305193,48,15821,0,2033-05-31
102,351396,4465,0.4223947181430107,75,4262,1,2033-06-30
841,49749,4805,0.1340695100477567,111,2445,0,2033-07-31
971,140560,4553,0.07819090220172398,174,17436,0,2033-08-31
266,376824,4780,0.42654481170182523,108,10949,0,2033-09-30
813,157979,1017,0.023250293220032747,182,24963,0,2033-10-31
237,159849,2524,0.30984972009970785,191,30932,0,2033-11-30
429,234301,3536,0.2809964237334034,64,7901,0,2033-12-31
542,61745,4691,0.17296022375084713,80,34487,0,2034-01-31
90,380608,1257,0.1575947605486795,194,9597,0,2034-02-28
206,101865,3912,0.38592886309081065,14,7855,0,2034-03-31
64,384572,1445,0.04321230538127324,99,19678,0,2034-04-30
862,222890,581,0.1183921546556927,31,9263,0,2034-05-31
114,33624,2392,0.3662243659190449,95,48288,1,2034-06-30
906,33321,1255,0.2741602918632121,127,26805,0,2034-07-31
888,413704,2094,0.0639941042667932,195,27143,0,2034-08-31
570,294718,287,0.44106780714103005,145,12874,0,2034-09-30
393,408456,1897,0.19672392328179578,112,28529,0,2034-10-31
178,184293,4589,0.4139341876610864,82,21866,1,2034-11-30
697,413694,1275,0.39385650776385434,42,15079,0,2034-12-31
521,269127,4836,0.312212723235864,115,8243,0,2035-01-31
112,196717,1050,0.24724056564754648,162,30872,0,2035-02-28
188,422478,927,0.48977542019087844,77,10018,1,2035-03-31
548,390975,895,0.07248253618990852,57,13100,0,2035-04-30
642,193868,2762,0.3625778637755574,32,20800,0,2035-05-31
441,145504,31,0.0955953507323945,13,27910,0,2035-06-30
724,105257,4579,0.1691315526661742,161,30437,0,2035-07-31
468,74291,3201,0.15434937168659763,188,38588,0,2035-08-31
338,220176,2363,0.4735179938693615,131,12001,0,2035-09-30
428,200471,4809,0.4836780888941376,58,47675,0,2035-10-31
822,399744,696,0.09150772211736358,156,20942,0,2035-11-30
539,482930,294,0.011017580148752093,82,21862,0,2035-12-31
280,322572,4821,0.36000401983155655,133,12669,0,2036-01-31
90,228803,3757,0.20899496693524217,120,16916,0,2036-02-29
77,403518,772,0.04442012254378219,176,11878,0,2036-03-31
184,485774,2438,0.34187705278852126,167,3985,1,2036-04-30
250,403271,2517,0.27255276413034984,82,33369,0,2036-05-31
889,121317,38,0.490258411000553,192,9112,0,2036-06-30
829,149789,916,0.11370474793068946,196,42235,0,2036-07-31
979,399593,3114,0.20198893816327412,26,19931,0,2036-08-31
82,300843,4009,0.27127290169771145,79,28340,0,2036-09-30
97,83686,3004,0.3958499942266758,133,1336,1,2036-10-31
552,77661,2516,0.27441932836002936,12,43933,0,2036-11-30
456,54247,4675,0.3064500804309746,63,20363,0,2036-12-31
623,255121,3619,0.11307352579497038,189,46536,0,2037-01-31
777,157820,3563,0.4234593640442799,146,4968,0,2037-02-28
854,377257,1463,0.21431527348523788,79,34678,0,2037-03-31
148,276765,4843,0.07047981376088464,122,49400,0,2037-04-30
733,156106,3366,0.3320939572527087,42,17279,0,2037-05-31
921,268930,525,0.10804522659265375,88,4129,0,2037-06-30
775,408342,48,0.04878125511964987,147,39215,0,2037-07-31
596,146194,3352,0.43099345420213614,94,39897,0,2037-08-31
788,290174,896,0.23008113224421983,195,6850,0,2037-09-30
662,354982,2854,0.3746418563478882,171,21588,0,2037-10-31
992,356861,2214,0.14529377990317754,150,41214,0,2037-11-30
511,458874,1108,0.39348506745883316,1,12949,0,2037-12-31
692,48638,1833,0.05596796351076516,119,9519,0,2038-01-31
818,339211,3211,0.17798668689742636,21,27375,0,2038-02-28
54,128033,3165,0.48903090898676427,114,34082,1,2038-03-31
267,115977,3103,0.39699485818400304,56,12737,0,2038-04-30
552,98869,3540,0.2486279651573441,71,2134,0,2038-05-31
816,115186,3788,0.16988873578094255,6,11938,0,2038-06-30
447,306818,2906,0.43606785001123827,183,25486,0,2038-07-31
920,176926,3463,0.27242387954225783,118,49356,0,2038-08-31
844,56271,3521,0.37921250893455555,194,27096,0,2038-09-30
442,345832,998,0.377053840158082,113,42115,0,2038-10-31
256,441734,4126,0.008972839284245915,15,6592,0,2038-11-30
64,383220,4974,0.06312689139630673,82,19108,0,2038-12-31
907,151339,4036,0.3298146831973711,178,18270,0,2039-01-31
603,231897,4189,0.08080990564293572,71,28649,0,2039-02-28
941,11062,1692,0.12774667232780235,123,11997,0,2039-03-31
510,257736,4675,0.4733189770998036,112,34489,0,2039-04-30
740,60448,3973,0.28009112918745593,11,10104,0,2039-05-31
624,105462,943,0.3753647534996736,125,1870,0,2039-06-30
913,409445,3608,0.27899036939131994,52,29684,0,2039-07-31
792,460009,3243,0.2762568073913626,74,40519,0,2039-08-31
290,255885,1990,0.04707595506284895,132,35524,0,2039-09-30
613,57915,1865,0.17183159630455153,26,31957,0,2039-10-31
145,276776,3066,0.14121544934325586,139,34885,0,2039-11-30
949,114592,802,0.19536418280680662,144,45369,0,2039-12-31
783,144668,801,0.39917209411216414,133,36596,0,2040-01-31
534,381923,1819,0.18596633395843243,96,30866,0,2040-02-29
456,409384,2265,0.22584840961584135,4,31676,0,2040-03-31
280,118099,3620,0.19869069524265826,56,48764,0,2040-04-30
798,17561,1617,0.0467039859876478,155,14878,0,2040-05-31
704,477010,994,0.22053607912539186,77,40760,0,2040-06-30
220,92152,3686,0.09780463652225752,68,28559,0,2040-07-31
590,135036,3390,0.09336164788652074,117,47546,0,2040-08-31
85,396193,529,0.04701805221713318,119,7771,0,2040-09-30
574,36734,600,0.17833548707088237,58,17526,0,2040-10-31
209,409587,1060,0.3787409423947087,32,30896,0,2040-11-30
888,36069,3643,0.13822084529169804,61,32923,0,2040-12-31
748,220977,4454,0.15617455094275678,49,37203,0,2041-01-31
292,22910,969,0.3213373288362118,111,40390,0,2041-02-28
135,345623,702,0.09792040629345944,18,13852,0,2041-03-31
845,480951,3909,0.44847896521176717,196,48574,0,2041-04-30
627,91264,4483,0.26009526162577723,122,44391,0,2041-05-31
731,33275,2956,0.22380147016010848,193,2848,0,2041-06-30
606,82274,536,0.2789100959646007,46,32027,0,2041-07-31
623,484665,3234,0.08301715670809773,166,36464,0,2041-08-31
695,372920,2263,0.30673656931958815,195,35485,0,2041-09-30
845,201076,3354,0.18155036831700522,32,20456,0,2041-10-31
77,204053,3975,0.44859317048230946,140,10259,1,2041-11-30
669,487875,1885,0.08442710333884307,83,36554,0,2041-12-31
605,195625,1773,0.2535255519327205,181,47922,0,2042-01-31
389,58447,530,0.299056314684509,134,14409,0,2042-02-28
847,437745,1026,0.01669180089319061,78,4791,0,2042-03-31
380,398538,126,0.18184656237807012,13,26864,0,2042-04-30
689,85703,2443,0.3663176173504164,146,37639,0,2042-05-31
555,348234,593,0.41018875372448665,127,35574,0,2042-06-30
397,289404,404,0.15658099740864118,53,18888,0,2042-07-31
522,122581,3798,0.3992966361913756,147,20692,0,2042-08-31
280,275956,2778,0.4838779385516944,28,24501,0,2042-09-30
239,431240,4177,0.42843696803754705,23,14304,0,2042-10-31
274,199728,3870,0.0588219940796626,81,28527,0,2042-11-30
434,388292,283,0.3698651660427703,62,19074,0,2042-12-31
426,430501,2023,0.15983341622027236,104,16549,0,2043-01-31
332,495652,4443,0.49420799470603827,56,30963,0,2043-02-28
682,126421,1399,0.24267949157994356,135,26920,0,2043-03-31
677,11605,3576,0.061216949179470515,61,31826,0,2043-04-30
794,474374,4712,0.3625927740136954,156,37071,0,2043-05-31
308,82303,175,0.16150559919310692,16,17061,0,2043-06-30
408,168211,1577,0.49853907854083085,65,29810,0,2043-07-31
759,480365,738,0.48989122892726095,5,48966,0,2043-08-31
505,197210,2053,0.32806700901029034,57,23800,0,2043-09-30
460,271949,4207,0.06491322447585879,68,44423,0,2043-10-31
698,348269,3506,0.34343049883751453,155,42692,0,2043-11-30
367,154990,788,0.0465152432300136,61,10940,0,2043-12-31
726,488871,223,0.014682079551196159,168,4924,0,2044-01-31
274,168518,3772,0.41147922311074303,196,29054,0,2044-02-29
868,134040,1586,0.10487647384184068,81,10783,0,2044-03-31
283,154118,2458,0.1895135631095487,168,38253,0,2044-04-30
733,428034,2946,0.4867286949880866,176,46397,0,2044-05-31
713,241966,3127,0.16842025093055163,176,14233,0,2044-06-30
876,276468,601,0.14824489064165763,70,46669,0,2044-07-31
423,348467,2730,0.4591039998113876,130,25484,0,2044-08-31
721,281255,723,0.055374222659479055,9,26068,0,2044-09-30
657,441326,945,0.3797912050573159,97,1191,0,2044-10-31
521,26389,4347,0.494032783326387,88,26074,0,2044-11-30
282,132177,11,0.4506480053873244,34,5917,0,2044-12-31
741,313571,2858,0.32583395935321297,1,39599,0,2045-01-31
162,482795,4054,0.157030397496366,123,26832,0,2045-02-28
879,169818,1959,0.12716099058915836,23,43928,0,2045-03-31
546,132883,927,0.40962755243573057,73,21706,0,2045-04-30
491,228958,3184,0.43991095697584764,165,14682,0,2045-05-31
613,248213,2251,0.26271745627284643,21,27762,0,2045-06-30
317,403333,99,0.12216997039323307,153,24383,0,2045-07-31
559,397952,1719,0.05647160420558678,170,28796,0,2045-08-31
856,122221,2179,0.043589733915915585,182,24666,0,2045-09-30
435,487687,4248,0.3595387236769278,38,26662,0,2045-10-31
436,285378,3051,0.21005936392386249,156,46159,0,2045-11-30
162,270669,115,0.4526799371389352,19,35642,1,2045-12-31
662,244936,896,0.36983565036338184,40,42830,0,2046-01-31
674,325585,437,0.09563020895729335,181,38531,0,2046-02-28
130,10846,1905,0.3068887094078495,147,11234,1,2046-03-31
748,20954,326,0.21775272719907968,107,10221,0,2046-04-30
162,351383,644,0.28862486538430654,146,12410,0,2046-05-31
51,254761,1935,0.3690345616692586,83,15519,1,2046-06-30
691,318658,2066,0.4030979405018954,110,2051,0,2046-07-31
269,360380,3154,0.42186866320336214,65,45993,0,2046-08-31
615,369723,2280,0.12698743728601236,157,10765,0,2046-09-30
904,147541,1449,0.015557799958678842,52,12382,0,2046-10-31
785,433321,562,0.3696473675823866,33,13580,0,2046-11-30
274,314245,725,0.0531718631278873,149,33323,0,2046-12-31
434,74323,3921,0.15745979430648382,66,45757,0,2047-01-31
452,101922,1723,0.0019085670621735717,133,12939,0,2047-02-28
687,199139,3399,0.34083474120081003,26,30964,0,2047-03-31
179,190448,1117,0.08356600573561063,9,1307,0,2047-04-30
102,186659,4216,0.3276412048458291,72,4359,1,2047-05-31
733,440192,260,0.4958713085839194,95,30648,0,2047-06-30
779,245659,2440,0.03633543580500814,47,36944,0,2047-07-31
721,399678,2064,0.038539005975730345,69,35019,0,2047-08-31
759,339728,468,0.17019004633333745,186,39134,0,2047-09-30
465,114537,217,0.433193257125671,99,28323,0,2047-10-31
296,350621,909,0.10776493439566592,58,7226,0,2047-11-30
885,251983,3471,0.18018890996517378,1,22689,0,2047-12-31
488,52533,3395,0.034252703313489785,156,31971,0,2048-01-31
252,273972,31,0.3815776456294447,195,26954,0,2048-02-29
233,11917,419,0.20415317137972555,64,25423,0,2048-03-31
172,292762,904,0.3796243665304214,82,31391,1,2048-04-30
450,42254,524,0.45180392217339754,153,15330,0,2048-05-31
816,271987,4914,0.11638157355064438,9,5891,0,2048-06-30
343,377436,4979,0.40369801516997567,52,5992,0,2048-07-31
329,57362,4119,0.029546945039126638,78,2961,0,2048-08-31
886,292272,2144,0.44942369409012367,58,13497,0,2048-09-30
933,395925,3605,0.3253842737793737,149,33551,0,2048-10-31
659,252353,2966,0.4371133620691758,178,11848,0,2048-11-30
247,200455,1570,9.419977829094872e-05,47,14255,0,2048-12-31
956,75545,1276,0.08454053517799626,148,5567,0,2049-01-31
560,92180,2179,0.19487969371324604,122,49847,0,2049-02-28
801,97958,3648,0.1897514516873593,21,40281,0,2049-03-31
193,413081,759,0.11336519146175533,99,49003,0,2049-04-30
658,405435,3437,0.19080596993360005,97,21389,0,2049-05-31
250,311953,4790,0.06442435600012741,157,45523,0,2049-06-30
173,388892,1937,0.20638056463301302,24,44919,0,2049-07-31
236,15287,3814,0.4011771645796321,27,17567,0,2049-08-31
375,267665,3712,0.2395350315516756,192,4358,0,2049-09-30
513,437603,2366,0.009000044472607494,112,23999,0,2049-10-31
398,18512,4800,0.2107220207896237,44,43358,0,2049-11-30
820,142414,2345,0.013587508045422081,67,11988,0,2049-12-31
709,466292,316,0.4831217053533991,6,41446,0,2050-01-31
813,118872,3675,0.06372697971143448,48,32521,0,2050-02-28
981,422432,1999,0.35384416316530937,136,6698,0,2050-03-31
452,257754,671,0.4863881614460429,163,2273,0,2050-04-30
395,103070,4654,0.41301952583328594,82,28543,0,2050-05-31
560,89767,321,0.34965768756310184,128,32349,0,2050-06-30
196,107829,2930,0.41973045475038345,137,12241,1,2050-07-31
197,429830,1092,0.4908993466303138,163,10497,1,2050-08-31
913,439474,2981,0.3106722486267648,72,42875,0,2050-09-30
760,497005,764,0.27959240341466324,45,33703,0,2050-10-31
869,52078,4140,0.3141190552316407,105,45041,0,2050-11-30
538,378432,4550,0.2663379433807775,159,32954,0,2050-12-31
978,93524,362,0.3175445529548594,31,9002,0,2051-01-31
985,237645,912,0.22492110398627962,5,5247,0,2051-02-28
689,22219,3898,0.10922159144165355,175,42988,0,2051-03-31
600,272379,168,0.060123613255837816,165,22698,0,2051-04-30
387,315073,1987,0.0341704677661302,144,20738,0,2051-05-31
921,137309,966,0.13165789187660004,73,11703,0,2051-06-30
690,339588,2081,0.023061782167866918,113,49240,0,2051-07-31
828,149639,413,0.2835853899596928,26,18570,0,2051-08-31
522,373978,4621,0.14191422351176014,53,13392,0,2051-09-30
995,474008,2789,0.4122674040435161,177,45724,0,2051-10-31
200,206513,1397,0.03712043649419322,162,33299,0,2051-11-30
464,356699,3463,0.11317574717074297,84,16641,0,2051-12-31
347,345842,965,0.36512307354507295,126,14998,0,2052-01-31
660,396594,1722,0.2994041481917457,152,7305,0,2052-02-29
312,258320,4713,0.03224563562458377,155,33726,0,2052-03-31
813,146487,1283,0.4386197285811002,110,19782,0,2052-04-30
193,177231,3821,0.43863088141308976,14,13721,1,2052-05-31
395,53925,2635,0.16520400193788692,131,40763,0,2052-06-30
673,147023,2392,0.17020292167478235,92,13427,0,2052-07-31
621,97388,1451,0.49451417917508694,122,47550,0,2052-08-31
930,18007,2989,0.3130880857965691,72,21566,0,2052-09-30
51,267802,1807,0.26565826028402956,154,3230,0,2052-10-31
946,445048,4400,0.4190760917759622,153,7511,0,2052-11-30
353,68596,4019,0.14264516917865822,146,43229,0,2052-12-31
303,393245,4860,0.21459129669817845,91,27177,0,2053-01-31
701,433739,1404,0.13388833774416709,16,5765,0,2053-02-28
502,361005,4291,0.3945804232943657,42,21354,0,2053-03-31
86,265266,1279,0.286674672817609,120,24929,0,2053-04-30
209,358884,4742,0.32941253507003526,40,29820,0,2053-05-31
58,25524,3724,0.12615362491970328,169,47040,0,2053-06-30
282,422498,539,0.11011265068865755,177,30523,0,2053-07-31
148,165002,3633,0.24418731449146935,167,6552,0,2053-08-31
708,403293,2968,0.3687828745464134,38,1627,0,2053-09-30
865,135501,2924,0.2626198787600801,112,12989,0,2053-10-31
257,292755,4899,0.016322838772834303,150,14780,0,2053-11-30
180,158056,3601,0.4342757531601444,110,7589,1,2053-12-31
453,24060,2157,0.032343446757565786,179,35812,0,2054-01-31
201,224057,4583,0.4779122418603761,46,29128,0,2054-02-28
103,487272,3379,0.012570979138636362,62,46939,0,2054-03-31
169,315447,949,0.3472252280653544,109,39652,1,2054-04-30
722,200279,535,0.04110353185589083,68,28790,0,2054-05-31
969,216118,11,0.4553382897175698,42,41953,0,2054-06-30
677,170359,384,0.2322166181127714,175,1249,0,2054-07-31
636,496925,2350,0.0687618874085077,33,20309,0,2054-08-31
674,49711,4015,0.1704078498949233,39,26901,0,2054-09-30
469,153026,3062,0.08241233767338102,60,24576,0,2054-10-31
471,345484,4658,0.08529095577854501,177,32508,0,2054-11-30
153,475317,2375,0.4740541600857211,194,10175,1,2054-12-31
901,474736,1535,0.22262305614239408,61,26464,0,2055-01-31
303,228134,4486,0.3944011319526798,57,17260,0,2055-02-28
276,112974,1656,0.31980278058884093,160,36440,0,2055-03-31
161,159646,23,0.33821318116919613,74,30546,1,2055-04-30
559,412400,4609,0.06584671923601926,15,41047,0,2055-05-31
522,160168,2288,0.11709222340774283,81,42430,0,2055-06-30
148,77728,3165,0.39337516757721847,93,2987,1,2055-07-31
202,175088,139,0.4853831032373915,47,26105,0,2055-08-31
910,21246,3824,0.13133782129932586,137,13948,0,2055-09-30
963,448774,4943,0.13578438237551993,81,14026,0,2055-10-31
945,421597,3226,0.23644856640545242,37,3773,0,2055-11-30
927,399940,2948,0.4919201564277189,126,46927,0,2055-12-31
387,439671,3938,0.13447947291323553,18,10878,0,2056-01-31
755,102263,2050,0.20348595481713194,163,43946,0,2056-02-29
871,407234,37,0.4457400078117534,186,11377,0,2056-03-31
212,21302,2123,0.0014605163106810037,62,8347,0,2056-04-30
769,339650,1262,0.019882982494284773,76,34776,0,2056-05-31
730,51157,4366,0.3020358385356096,173,4783,0,2056-06-30
210,64917,2056,0.4536900823564235,130,5298,0,2056-07-31
629,233810,4565,0.11942833020096383,101,5668,0,2056-08-31
850,106646,4033,0.2348208873403545,64,21671,0,2056-09-30
447,355266,4406,0.22523265082890914,119,35820,0,2056-10-31
326,296663,3384,0.23648567304775509,90,35484,0,2056-11-30
865,490703,3476,0.3112598478648726,7,34078,0,2056-12-31
965,460035,3091,0.23487188149534188,178,48159,0,2057-01-31
553,353054,3788,0.2237340706612289,72,21922,0,2057-02-28
945,392574,639,0.23714421021563026,133,35028,0,2057-03-31
441,343468,279,0.29543372063552076,106,46925,0,2057-04-30
184,277552,2649,0.2685037441756792,88,21316,0,2057-05-31
244,69379,2003,0.42706799882525215,38,12460,0,2057-06-30
450,35053,2901,0.024748426746833307,112,17968,0,2057-07-31
689,412662,4967,0.41665853573650624,187,31266,0,2057-08-31
82,141994,3442,0.421962306305862,27,31209,1,2057-09-30
737,108723,1290,0.14245401076548042,96,25000,0,2057-10-31
509,61356,2370,0.23142597750792532,181,15011,0,2057-11-30
932,282933,585,0.21926924426871774,36,3866,0,2057-12-31
519,369864,1317,0.10925491717706515,136,48133,0,2058-01-31
424,338800,3202,0.19839842354315823,81,6898,0,2058-02-28
71,316172,3188,0.022193886085427217,55,19395,0,2058-03-31
799,336628,2744,0.13891103639086722,186,40019,0,2058-04-30
719,42154,2222,0.40834108772535904,84,38707,0,2058-05-31
87,223942,2362,0.14228115088144877,1,5006,0,2058-06-30
279,274480,3578,0.4091033343741238,188,35393,0,2058-07-31
414,375821,1665,0.26579973230221543,57,11956,0,2058-08-31
612,339923,1589,0.43993133868058,106,31663,0,2058-09-30
487,291173,2213,0.2873897771322076,122,7078,0,2058-10-31
825,331345,1400,0.014834111532369909,187,30631,0,2058-11-30
332,42265,1752,0.3377101037735446,167,31140,0,2058-12-31
76,375060,1935,0.02242678401178433,163,42691,0,2059-01-31
275,253322,629,0.225298509491567,113,4961,0,2059-02-28
326,184944,1284,0.464713347236557,106,30277,0,2059-03-31
847,56197,966,0.08260196966892508,36,42574,0,2059-04-30
658,397877,1949,0.19493617647077205,78,32417,0,2059-05-31
333,458396,3963,0.3649301544242392,91,23484,0,2059-06-30
928,164782,2391,0.4411292780474238,17,19103,0,2059-07-31
530,170558,978,0.33547150237125395,97,30345,0,2059-08-31
502,81907,1326,0.1290866270955846,62,47326,0,2059-09-30
878,401020,1053,0.3373039264581081,149,40454,0,2059-10-31
865,212967,291,0.148363820552045,138,2587,0,2059-11-30
708,336579,2854,0.3592146149093676,185,43571,0,2059-12-31
565,312775,1068,0.4770165637925203,184,22031,0,2060-01-31
596,401182,4303,0.36069672555314414,3,27212,0,2060-02-29
241,242604,2542,0.4314402514562062,134,11350,0,2060-03-31
98,292247,3838,0.0010519215879417065,60,19816,0,2060-04-30
561,74772,1018,0.3587860623657972,106,21288,0,2060-05-31
66,136108,1239,0.41479377843262516,53,30432,1,2060-06-30
221,24382,1045,0.02027936877234071,87,45222,0,2060-07-31
269,94291,4595,0.4357988636441153,67,49617,0,2060-08-31
207,373339,285,0.12834711415502292,128,7837,0,2060-09-30
526,144828,2750,0.3326460509890276,54,35217,0,2060-10-31
95,292753,2299,0.4001774395117033,2,21884,1,2060-11-30
422,157550,1249,0.33133225652967774,165,6454,0,2060-12-31
567,242050,135,0.04614239603662862,120,10424,0,2061-01-31
148,442882,4075,0.29816075943018416,128,37885,0,2061-02-28
941,347827,4322,0.2747918283610718,101,42637,0,2061-03-31
794,396858,3878,0.45016063403713574,37,44618,0,2061-04-30
86,140330,1218,0.2021198648221046,84,19412,0,2061-05-31
329,81315,3259,0.16054054854352506,156,48111,0,2061-06-30
398,349978,928,0.3749253822182331,132,40613,0,2061-07-31
546,398349,3933,0.20633766304169832,91,21142,0,2061-08-31
351,24153,4413,0.3230480875025315,20,38392,0,2061-09-30
230,86325,1979,0.3232250450623035,198,9848,0,2061-10-31
656,250773,2803,0.4440195321800589,194,14136,0,2061-11-30
148,416215,901,0.2993462011595487,108,1589,0,2061-12-31
749,65318,4480,0.25107680498099344,46,21908,0,2062-01-31
165,404030,2043,0.0694356631982585,83,7509,0,2062-02-28
240,387177,1374,0.05786880333935268,82,41461,0,2062-03-31
302,86077,138,0.0771607826415397,34,43222,0,2062-04-30
977,362618,1024,0.08592424066354726,195,45476,0,2062-05-31
210,143515,1809,0.31893854633181695,68,46710,0,2062-06-30
305,479209,4622,0.37049062513728925,128,10968,0,2062-07-31
372,216988,1528,0.26499576146320936,195,3462,0,2062-08-31
177,345463,4191,0.4145088662727455,139,10460,1,2062-09-30
67,135885,1208,0.4956316133668166,187,34783,1,2062-10-31
842,381921,3883,0.410006314559678,26,10275,0,2062-11-30
784,27368,2484,0.3474411868379796,55,29677,0,2062-12-31
615,156400,3495,0.2662463497185733,22,14269,0,2063-01-31
619,198014,4059,0.2244265358373541,152,1406,0,2063-02-28
372,101751,3729,0.04219619027227117,20,8384,0,2063-03-31
921,240203,312,0.19968437419734547,60,23553,0,2063-04-30
735,299450,3962,0.4550673183910671,62,25366,0,2063-05-31
841,488667,4693,0.40401131495327647,121,45036,0,2063-06-30
675,180987,996,0.1080256825058436,51,18369,0,2063-07-31
337,309363,1873,0.23330389234860793,87,12795,0,2063-08-31
992,221951,4450,0.4083616012792723,152,5485,0,2063-09-30
903,205716,4919,0.03369227739276126,54,42669,0,2063-10-31
712,70279,3082,0.19369629283432965,45,3618,0,2063-11-30
688,325172,3134,0.4259206184369738,31,31143,0,2063-12-31
204,376407,1337,0.20194893208506187,54,30425,0,2064-01-31
539,10126,2418,0.03880732236572043,95,23673,0,2064-02-29
435,324473,3683,0.2712671842661257,132,10603,0,2064-03-31
834,37632,3301,0.4308712474591477,35,40696,0,2064-04-30
153,206382,4043,0.29514277147657986,109,6368,0,2064-05-31
978,119945,713,0.1131395541071159,176,5621,0,2064-06-30
442,327320,584,0.19211981006869067,105,15719,0,2064-07-31
860,260869,3242,0.2250616805909661,57,30227,0,2064-08-31
295,227138,4793,0.2896331769102634,38,44894,0,2064-09-30
225,185399,2642,0.3796755128763065,79,8566,0,2064-10-31
88,472120,3838,0.0494368088203177,96,13306,0,2064-11-30
526,144869,3240,0.4448260165087832,112,25042,0,2064-12-31
731,188954,498,0.006154851508037795,60,16086,0,2065-01-31
808,154790,1357,0.18502616733712762,136,18387,0,2065-02-28
587,44560,3691,0.013710154986328826,5,28042,0,2065-03-31
916,348733,3183,0.19648711267264563,108,24888,0,2065-04-30
867,294260,4599,0.2629062994366619,34,27514,0,2065-05-31
970,439460,1677,0.25584069329075587,38,19323,0,2065-06-30
457,142717,1647,0.08281417351413267,149,19019,0,2065-07-31
574,188595,4124,0.32287025504780614,168,10890,0,2065-08-31
877,134085,3563,0.02238922525233411,117,41863,0,2065-09-30
555,389862,1010,0.3809534100662077,4,46487,0,2065-10-31
952,291400,860,0.4733222169967731,169,11283,0,2065-11-30
874,110158,1398,0.16988441357555895,86,19279,0,2065-12-31
85,194245,3722,0.25861969085716596,75,47999,0,2066-01-31
734,178502,1377,0.1894551390294072,194,23908,0,2066-02-28
69,442498,831,0.003355195152029977,157,48466,0,2066-03-31
370,391863,464,0.19293725144755797,56,38952,0,2066-04-30
825,466590,1634,0.39586012963067324,126,36170,0,2066-05-31
561,340388,2782,0.2979944210917409,28,38663,0,2066-06-30
449,152766,3736,0.050629957307579465,164,45172,0,2066-07-31
703,328408,3157,0.4235697448468925,86,48929,0,2066-08-31
932,478276,4099,0.2655426724426214,140,10343,0,2066-09-30
520,67545,4816,0.42086168087233805,159,11637,0,2066-10-31
192,311368,2200,0.2901107593925147,45,35724,0,2066-11-30
141,370089,926,0.27984422241896995,115,40791,0,2066-12-31
403,23224,3996,0.05262959259850619,111,30134,0,2067-01-31
883,50738,2885,0.08367986656931398,150,47830,0,2067-02-28
849,428366,1450,0.48601262824829555,44,48101,0,2067-03-31
776,335875,4410,0.11424337337738538,144,4907,0,2067-04-30
903,190760,745,0.48872605899518395,103,34575,0,2067-05-31
100,249690,3578,0.2659563532621317,84,47799,0,2067-06-30
714,476725,3348,0.06789452353196856,193,5827,0,2067-07-31
747,149649,3025,0.049651101376846474,133,31607,0,2067-08-31
624,18070,2899,0.10443203535286999,107,14699,0,2067-09-30
239,136161,971,0.4628186650126679,17,38292,0,2067-10-31
174,18666,2999,0.2070751121641134,93,48961,0,2067-11-30
199,329905,3858,0.19771713399645718,149,26883,0,2067-12-31
363,308512,1036,0.156603130535087,32,49991,0,2068-01-31
619,147855,3875,0.07353092528329419,157,6313,0,2068-02-29
391,51914,2873,0.24392559859620322,125,14598,0,2068-03-31
354,211579,2511,0.06502389125556934,159,46826,0,2068-04-30
741,137738,1957,0.4177401181911638,169,29807,0,2068-05-31
731,482242,1187,0.18519849313765324,121,5887,0,2068-06-30
887,256965,4770,0.18740178389089818,137,4854,0,2068-07-31
832,339670,21,0.23700321424157794,114,46226,0,2068-08-31
103,474051,4409,0.2220638565828758,163,15536,0,2068-09-30
493,448981,3374,0.4974289865296608,161,4558,0,2068-10-31
662,292100,3032,0.27269056060915126,27,10772,0,2068-11-30
313,228967,3381,0.044100851894935345,10,37343,0,2068-12-31
102,318384,2840,0.303438670788465,166,36186,1,2069-01-31
621,393152,52,0.07579214643493998,46,37966,0,2069-02-28
669,440364,953,0.015468822365670987,126,34769,0,2069-03-31
54,104270,2400,0.48537107683862407,146,40887,1,2069-04-30
152,276901,2555,0.38676944576728195,117,20229,1,2069-05-31
245,29097,2421,0.49005449620688346,142,10673,0,2069-06-30
823,151467,4996,0.23893922401112122,125,28877,0,2069-07-31
926,157313,1014,0.26612876557448806,155,32601,0,2069-08-31
933,376036,30,0.08416847795956511,151,39084,0,2069-09-30
399,168768,416,0.12345371333379279,71,17244,0,2069-10-31
96,256726,1024,0.4192746074514141,106,28356,1,2069-11-30
916,342624,4441,0.17809282355879708,136,17806,0,2069-12-31
872,56163,1848,0.4134074868982095,174,24099,0,2070-01-31
985,29816,3198,0.3545068621435159,32,45641,0,2070-02-28
869,453056,724,0.08858546263593275,189,38034,0,2070-03-31
705,243619,4156,0.25372318305987107,18,41317,0,2070-04-30
318,324997,3864,0.3386936607593584,194,20094,0,2070-05-31
419,165989,4429,0.11751860740191256,73,11589,0,2070-06-30
685,106731,4894,0.41534425526003843,167,2657,0,2070-07-31
155,162638,150,0.2724138287725934,174,33764,0,2070-08-31
719,216524,4575,0.0826210252213016,192,40531,0,2070-09-30
708,72823,4892,0.2914922130823012,156,4164,0,2070-10-31
706,161878,973,0.499856902077957,177,28542,0,2070-11-30
169,216592,382,0.07526074583170678,97,19437,0,2070-12-31
880,11759,3645,0.40837846505976405,140,42247,0,2071-01-31
836,267164,2551,0.10365450159377898,128,39505,0,2071-02-28
653,445165,3620,0.39119416473004365,161,20601,0,2071-03-31
107,364518,1702,0.3672889615607066,92,29430,1,2071-04-30
395,143554,115,0.15024469280021618,175,7009,0,2071-05-31
790,296586,1691,0.1629115587822249,47,5552,0,2071-06-30
523,436935,4107,0.3962606959814596,176,10417,0,2071-07-31
166,461282,4026,0.23072275594365632,63,42989,0,2071-08-31
879,103501,2646,0.3654090143559044,60,3671,0,2071-09-30
840,274223,2147,0.07399207368291738,156,7519,0,2071-10-31
176,405933,3426,0.42627889095077676,38,37730,1,2071-11-30
442,69676,4455,0.35544235834115956,127,13734,0,2071-12-31
957,431168,3540,0.45347140441741696,87,46890,0,2072-01-31
690,227516,1296,0.06618618951748623,25,4722,0,2072-02-29
107,183532,3189,0.29650725018029883,16,5906,0,2072-03-31
683,100397,3664,0.2995602925201626,70,31096,0,2072-04-30
562,82847,2369,0.17673037027339122,12,41031,0,2072-05-31
800,103607,454,0.2292332122846289,68,14699,0,2072-06-30
851,230178,45,0.018990781644926735,25,22438,0,2072-07-31
145,159521,1485,0.372930019313506,48,44856,1,2072-08-31
687,436752,3967,0.274661239701587,194,34576,0,2072-09-30
167,74077,1808,0.028870525934586888,6,42938,0,2072-10-31
609,310402,1855,0.3403779464802428,57,33247,0,2072-11-30
650,189374,1418,0.23339103861559396,48,44461,0,2072-12-31
537,267009,1718,0.0172306297125,102,28938,0,2073-01-31
286,432081,2948,0.4848038634240477,52,41469,0,2073-02-28
934,147717,1310,0.47455607154472024,192,18600,0,2073-03-31
946,391915,1253,0.2564512080735988,61,21435,0,2073-04-30
321,48000,3986,0.0468362103529551,16,19581,0,2073-05-31
238,36737,3107,0.3773106107992959,170,15191,0,2073-06-30
753,283629,4626,0.24596555005286452,24,20190,0,2073-07-31
496,310709,19,0.15122373914468995,130,28386,0,2073-08-31
630,428738,2435,0.24570908876427838,28,32721,0,2073-09-30
839,391758,1670,0.26122207270273223,116,14704,0,2073-10-31
910,337299,2641,0.2813558495111696,159,3123,0,2073-11-30
296,196240,4825,0.22061185682766327,25,26174,0,2073-12-31
125,62487,1082,0.30287765156952834,123,45301,1,2074-01-31
203,402092,3235,0.4593673553031887,143,48216,0,2074-02-28
705,284486,4964,0.18113404354929558,24,15586,0,2074-03-31
484,312950,1326,0.36285823160997455,53,32976,0,2074-04-30
135,320914,4155,0.4472262784121161,155,26416,1,2074-05-31
746,88623,3693,0.22798963787996845,72,2814,0,2074-06-30
334,375321,3283,0.22172791819095206,119,14001,0,2074-07-31
269,403170,155,0.30105849267738977,55,17508,0,2074-08-31
118,347773,3050,0.29570337971124405,64,20630,0,2074-09-30
96,393137,1472,0.4032946711631385,92,14380,1,2074-10-31
143,193675,4686,0.23824169188914635,85,49174,0,2074-11-30
799,399088,1594,0.4980614748197206,79,36699,0,2074-12-31
502,223046,492,0.02973578443364039,168,47335,0,2075-01-31
253,115947,3189,0.0015839242903508688,107,47806,0,2075-02-28
961,298543,1259,0.3200991557798119,178,13317,0,2075-03-31
267,138177,4778,0.14921745618093835,117,36739,0,2075-04-30
523,226454,640,0.1201911943497419,198,35785,0,2075-05-31
481,484460,671,0.15594954000214023,156,32980,0,2075-06-30
390,119575,3513,0.12802378255247715,82,24799,0,2075-07-31
600,383048,2862,0.015395024830223925,146,36183,0,2075-08-31
661,217606,2476,0.48576652119529434,193,30166,0,2075-09-30
338,458322,997,0.11037274422639087,168,20480,0,2075-10-31
303,302822,1556,0.36701488129465315,172,2609,0,2075-11-30
783,86218,659,0.38129819734708764,14,1717,0,2075-12-31
406,73230,978,0.46462869900361464,130,20945,0,2076-01-31
72,255756,2647,0.015274728546689986,138,26592,0,2076-02-29
811,346199,1110,0.43602416922350384,180,29141,0,2076-03-31
571,459589,450,0.2636130904199001,173,31009,0,2076-04-30
807,172552,779,0.31627205498291394,29,46430,0,2076-05-31
886,488446,1353,0.32223513856051683,56,7782,0,2076-06-30
149,472052,4368,0.40989890249236377,145,27536,1,2076-07-31
851,344402,3739,0.16670366107955525,178,34816,0,2076-08-31
229,49986,3916,0.3665255949299967,127,26933,0,2076-09-30
272,165232,1587,0.26428905486109855,47,12618,0,2076-10-31
955,357739,4018,0.39669700715267386,193,9307,0,2076-11-30
811,111358,3361,0.4952730163850667,135,27671,0,2076-12-31
708,482327,4805,0.10032550870188062,21,41673,0,2077-01-31
491,337073,2359,0.49732432077999894,5,43761,0,2077-02-28
657,83506,3612,0.044906077141387,184,11338,0,2077-03-31
818,44911,1251,0.001158773952406933,103,39346,0,2077-04-30
374,359271,1135,0.02208096808891563,35,47602,0,2077-05-31
565,435037,2611,0.17089120236838085,78,7548,0,2077-06-30
65,216111,1200,0.3164531653392171,115,41149,1,2077-07-31
841,463751,4141,0.034514770443924814,56,22164,0,2077-08-31
385,385597,4849,0.002832907264783635,48,28526,0,2077-09-30
808,94458,4458,0.4685455142293974,172,32222,0,2077-10-31
307,22175,82,0.4109633179699648,81,21176,0,2077-11-30
546,391379,1924,0.4045915855695155,65,3941,0,2077-12-31
945,326915,2482,0.44221213775098855,76,6695,0,2078-01-31
209,399301,3056,0.3500171363860522,44,40169,0,2078-02-28
524,131300,717,0.05220206487404072,78,48947,0,2078-03-31
901,96925,1814,0.19955009403686153,19,48224,0,2078-04-30
713,254446,3723,0.36157474323231475,191,46865,0,2078-05-31
957,76358,2574,0.14016723039576046,122,26553,0,2078-06-30
739,420543,2485,0.3437031820681188,66,39965,0,2078-07-31
724,57057,3620,0.012249224133826175,82,39218,0,2078-08-31
429,278294,4265,0.1530686704397966,2,26359,0,2078-09-30
594,276569,2833,0.27456516813858634,181,25816,0,2078-10-31
978,264726,1745,0.31604491475312113,63,9378,0,2078-11-30
740,288176,1595,0.2885203322309554,39,2881,0,2078-12-31
476,12198,76,0.34887813803671475,58,40567,0,2079-01-31
662,463716,3071,0.003044374119919535,182,48365,0,2079-02-28
317,194466,2438,0.050470599988760745,61,14675,0,2079-03-31
884,423295,4163,0.43447212613957253,131,5586,0,2079-04-30
626,177292,351,0.3408743220450806,59,26006,0,2079-05-31
466,445090,2784,0.05646582134300565,115,42198,0,2079-06-30
217,154931,2827,0.4210372186992896,74,23831,0,2079-07-31
891,453676,2671,0.12111560891228346,121,36113,0,2079-08-31
92,172491,1242,0.23912994209761174,106,17459,0,2079-09-30
605,391009,3884,0.07259825644233014,95,33443,0,2079-10-31
334,411921,2411,0.35505502821085333,90,43316,0,2079-11-30
446,446096,1504,0.3334272105071339,157,31595,0,2079-12-31
61,270910,4221,0.10555623558306809,129,6877,0,2080-01-31
656,33236,671,0.4317003834285009,61,40553,0,2080-02-29
351,97955,3893,0.2006530121098561,48,49601,0,2080-03-31
947,226586,3629,0.1462575455353709,136,5922,0,2080-04-30
302,113145,1878,0.07616479473226773,91,5686,0,2080-05-31
548,156430,2344,0.13308400625776873,158,33766,0,2080-06-30
803,240785,3384,0.011013460611908499,123,15407,0,2080-07-31
84,104914,1026,0.2916287462280578,60,33006,0,2080-08-31
776,375014,4416,0.42111537317197395,47,32422,0,2080-09-30
898,217990,217,0.2744902247208209,152,13205,0,2080-10-31
139,388387,2675,0.10963698096193786,163,22054,0,2080-11-30
825,24596,2503,0.01683458910693636,135,24527,0,2080-12-31
654,436788,642,0.10731403662940142,57,46947,0,2081-01-31
971,481973,2112,0.20806071403554616,100,19443,0,2081-02-28
651,142351,2969,0.37980571434989824,111,17524,0,2081-03-31
467,204269,3093,0.09392142626888705,172,29202,0,2081-04-30
164,383640,4762,0.35989572667734304,61,1016,1,2081-05-31
666,402417,1941,0.43346673417594184,38,47142,0,2081-06-30
952,465732,3729,0.22697342405417853,57,17848,0,2081-07-31
245,148155,2572,0.41071599582129664,98,21855,0,2081-08-31
875,130674,1689,0.2773286740175478,191,19211,0,2081-09-30
550,392451,246,0.3185454185404525,43,26095,0,2081-10-31
675,267529,4453,0.26313923016910135,28,39724,0,2081-11-30
542,250469,4735,0.23158635837567088,58,38583,0,2081-12-31
124,420987,1550,0.11732672088792467,70,3843,0,2082-01-31
462,433191,3953,0.15159702973052303,91,30301,0,2082-02-28
425,448864,373,0.1449850594718045,8,27460,0,2082-03-31
469,266713,2378,0.28164446547690736,126,32918,0,2082-04-30
778,451501,295,0.05997684651194496,133,29747,0,2082-05-31
326,29063,158,0.45839584535116756,156,16972,0,2082-06-30
810,77642,4047,0.3603275726415566,185,29310,0,2082-07-31
725,100093,4561,0.20072281545659681,144,23927,0,2082-08-31
443,227215,1776,0.07931207226318898,143,2094,0,2082-09-30
918,440815,4905,0.4409960848608179,130,39892,0,2082-10-31
506,192992,1022,0.4118890450505826,20,35172,0,2082-11-30
969,169601,2841,0.36086077635858965,63,24324,0,2082-12-31
241,45954,2517,0.13577352370562118,89,21674,0,2083-01-31
788,37856,1533,0.20122331871683447,35,4982,0,2083-02-28
738,12573,2795,0.05137412622621168,61,46283,0,2083-03-31
148,481560,2566,0.09451976236376586,169,16790,0,2083-04-30
597,45367,3735,0.39150831865836644,75,13205,0,2083-05-31
145,247804,4586,0.3575193594253419,169,25338,1,2083-06-30
713,371752,1611,0.29674288148796735,188,13748,0,2083-07-31
712,332918,2418,0.44786336296308643,12,22097,0,2083-08-31
239,33752,350,0.2916332589065227,10,4092,0,2083-09-30
785,327173,2827,0.23348399998180536,53,23692,0,2083-10-31
86,158757,2506,0.17018537315288135,15,24862,0,2083-11-30
829,402426,4940,0.4702242528680863,7,25860,0,2083-12-31
418,323837,1735,0.04135773076217675,103,14971,0,2084-01-31
744,126739,1699,0.4654436860304042,58,15616,0,2084-02-29
574,328105,3277,0.41335732996550917,56,5933,0,2084-03-31
328,248009,4416,0.06496496226785065,39,5926,0,2084-04-30
266,266028,271,0.2824921788376268,186,26763,0,2084-05-31
916,217980,1452,0.43327399087454344,129,4969,0,2084-06-30
922,266609,415,0.28590458180357686,93,36733,0,2084-07-31
847,398822,2200,0.45359991078031114,137,5319,0,2084-08-31
322,346676,4447,0.47149190840802124,43,42743,0,2084-09-30
930,354138,253,0.21119226109215294,138,40876,0,2084-10-31
111,328277,4595,0.1886568307031618,79,42909,0,2084-11-30
645,333412,4117,0.4681605769845784,80,21323,0,2084-12-31
929,495417,570,0.33757003057483403,1,17428,0,2085-01-31
778,441459,4147,0.058011340674084644,177,35578,0,2085-02-28
391,198456,2735,0.021145874611340598,139,21950,0,2085-03-31
446,41653,603,0.28231452549863156,114,44041,0,2085-04-30
748,167729,1836,0.4650854827192123,89,42789,0,2085-05-31
68,443168,3239,0.4221243512029092,22,19293,1,2085-06-30
226,425396,3297,0.3379238732321682,145,7364,0,2085-07-31
661,238504,4083,0.06955792444554376,61,36349,0,2085-08-31
445,131829,143,0.1271156918743478,112,1691,0,2085-09-30
494,138377,3148,0.4377556132763081,127,31062,0,2085-10-31
282,481627,3929,0.09140361832845023,61,1931,0,2085-11-30
964,11622,82,0.13921970412521728,37,46896,0,2085-12-31
125,58756,4504,0.06480032559772098,194,32730,0,2086-01-31
314,50809,4235,0.33805411570720556,165,15226,0,2086-02-28
504,26725,2988,0.4719911526816048,194,14861,0,2086-03-31
845,202468,4371,0.13448401579769298,60,32301,0,2086-04-30
767,61226,1995,0.23770330392503686,128,49243,0,2086-05-31
784,91182,802,0.31716986985560214,172,23766,0,2086-06-30
433,485781,4269,0.49973312410781534,155,37174,0,2086-07-31
613,39402,104,0.05240403249878606,148,42107,0,2086-08-31
900,14263,1143,0.24928539975285458,121,18695,0,2086-09-30
555,237595,4927,0.19256005995125003,109,42347,0,2086-10-31
416,187900,247,0.4329100826111776,12,4121,0,2086-11-30
193,57924,2956,0.23798386550582795,154,19257,0,2086-12-31
934,346326,2540,0.055488762292574045,99,29164,0,2087-01-31
118,234137,1970,0.3172120726432918,134,26491,1,2087-02-28
148,462268,1058,0.3853903091319399,21,24165,1,2087-03-31
445,414880,2539,0.0014406258328072963,73,49714,0,2087-04-30
74,307881,2974,0.42947834271031476,180,4748,1,2087-05-31
997,373476,973,0.09301150000283281,131,34045,0,2087-06-30
940,361707,546,0.27603468232668893,22,27553,0,2087-07-31
518,170445,4233,0.20789875034372507,118,45331,0,2087-08-31
533,177469,3689,0.3598269083052652,69,31497,0,2087-09-30
614,400719,4197,0.18558080739287092,83,32308,0,2087-10-31
200,489361,3734,0.4348815883408554,100,40560,0,2087-11-30
193,111371,552,0.3652481804793951,83,47686,1,2087-12-31
618,48709,855,0.32385658553146074,160,11374,0,2088-01-31
88,202192,3613,0.39812029778142716,27,5675,1,2088-02-29
158,160322,3046,0.37701151746419115,135,2170,1,2088-03-31
742,31172,2504,0.01796933746077667,0,42449,0,2088-04-30
91,21555,4495,0.19736717692241407,164,44485,0,2088-05-31
235,490626,2729,0.4654036486582449,62,13450,0,2088-06-30
984,481833,1894,0.06286213449611311,21,11680,0,2088-07-31
447,63276,4148,0.3685482752160256,69,11068,0,2088-08-31
272,67492,4359,0.48729590566766484,124,36230,0,2088-09-30
683,194074,3211,0.026099314522485817,148,47418,0,2088-10-31
182,266010,2720,0.34109694031330523,95,27206,1,2088-11-30
212,361743,1963,0.2340770706505152,162,1287,0,2088-12-31
264,475571,4747,0.28958762768736107,78,23337,0,2089-01-31
782,232320,3860,0.042670668242162424,4,21666,0,2089-02-28
284,427978,699,0.02150347593346974,59,2161,0,2089-03-31
892,21046,1960,0.33343333027546085,119,36131,0,2089-04-30
707,238071,466,0.41165471491035893,45,25535,0,2089-05-31
800,388165,2140,0.39100766746648363,177,33528,0,2089-06-30
637,431985,3986,0.2719028639331187,175,39751,0,2089-07-31
58,194374,4254,0.04993341056808909,133,17527,0,2089-08-31
123,426366,1189,0.3440222219180069,55,41975,1,2089-09-30
541,471463,4295,0.12094444177707298,109,24853,0,2089-10-31
962,276997,3575,0.4555343513836918,186,15758,0,2089-11-30
302,497829,892,0.41913267977285246,156,1244,0,2089-12-31
279,130900,409,0.35469148354369545,198,4178,0,2090-01-31
568,492615,618,0.4744229779155652,103,32831,0,2090-02-28
223,425008,1648,0.015710910755636465,76,3176,0,2090-03-31
702,69129,2158,0.368100212530381,145,38770,0,2090-04-30
217,247091,1392,0.16512138966820267,1,34654,0,2090-05-31
219,215550,1413,0.45303294284318263,7,27627,0,2090-06-30
442,254883,829,0.1333375983309888,74,47489,0,2090-07-31
995,124130,3302,0.3624282496575085,181,45910,0,2090-08-31
844,470514,829,0.4388235098253907,124,25881,0,2090-09-30
683,435203,429,0.020828409191341213,37,36422,0,2090-10-31
243,156922,4229,0.19882378979601806,175,12984,0,2090-11-30
566,415328,4527,0.38115451601096934,26,24776,0,2090-12-31
78,131789,3312,0.22745944475379354,19,18755,0,2091-01-31
214,165130,1518,0.13362631489679766,139,8135,0,2091-02-28
471,186492,777,0.10990267441159501,42,1320,0,2091-03-31
388,48890,2054,0.06575913345818896,188,38422,0,2091-04-30
697,76017,2149,0.4285647799281411,30,29635,0,2091-05-31
545,188376,3039,0.287677701625778,90,22684,0,2091-06-30
414,173993,1559,0.03819247249572799,60,24238,0,2091-07-31
882,142596,1774,0.1912901617853177,194,22889,0,2091-08-31
391,110424,2655,0.18386682540255495,108,31313,0,2091-09-30
549,287192,3726,0.09086959535473149,90,33535,0,2091-10-31
706,438327,4615,0.21775381273609534,162,49899,0,2091-11-30
560,178976,4491,0.16604968269656822,94,11770,0,2091-12-31
376,327056,2303,0.17090185274609127,142,40321,0,2092-01-31
266,44008,4847,0.36951327889397934,143,21426,0,2092-02-29
350,403276,2718,0.11163169275259816,12,45327,0,2092-03-31
181,215738,910,0.3209299794276777,112,42777,1,2092-04-30
853,93559,3094,0.28532481194046744,34,47250,0,2092-05-31
119,65337,2019,0.28404625616893364,186,8498,0,2092-06-30
301,382760,251,0.33150367307088796,148,40404,0,2092-07-31
464,285494,2395,0.274191018097827,181,41130,0,2092-08-31
836,34354,4278,0.4396275574231923,157,17395,0,2092-09-30
494,55186,681,0.3377900459751299,47,3537,0,2092-10-31
925,38145,173,0.27348162568569406,34,20226,0,2092-11-30
231,437236,474,0.41488156014382244,85,16216,0,2092-12-31
216,96123,3052,0.30307328246673987,165,19613,0,2093-01-31
140,216258,4602,0.1455721238925895,158,4009,0,2093-02-28
763,226541,4805,0.10354745908828561,151,25368,0,2093-03-31
907,30581,2452,0.0761638928313394,113,30327,0,2093-04-30
580,98929,4808,0.4497276062730508,176,15209,0,2093-05-31
88,295195,2365,0.3550677158990329,99,49443,1,2093-06-30
175,61474,4288,0.4686892190821604,159,16029,1,2093-07-31
500,101748,4734,0.3016459028574715,182,3077,0,2093-08-31
222,135995,2567,0.23670044074745628,185,14907,0,2093-09-30
702,255690,555,0.029858244485444663,98,37635,0,2093-10-31
803,341770,4729,0.3358211407730149,2,49920,0,2093-11-30
269,279104,3845,0.2911043798841156,196,5873,0,2093-12-31
687,438988,603,0.4951044467938107,84,9635,0,2094-01-31
107,424736,4849,0.11957938889112152,124,34065,0,2094-02-28
709,190553,3814,0.2653686776434179,137,46863,0,2094-03-31
525,46408,1469,0.3254786675590363,82,42804,0,2094-04-30
505,366150,3503,0.3222955873711718,24,34783,0,2094-05-31
878,269568,2611,0.28064677147420136,67,35152,0,2094-06-30
944,329278,2454,0.38846400516361274,60,42513,0,2094-07-31
410,161563,2682,0.10249060476340821,28,30092,0,2094-08-31
984,142413,4210,0.3628136001372079,126,18653,0,2094-09-30
50,185695,26,0.3098672857165446,18,33463,1,2094-10-31
436,100327,3201,0.44803755589728667,170,35028,0,2094-11-30
397,403554,402,0.42359721951679086,193,41469,0,2094-12-31
239,212503,434,0.15757351956627663,73,21947,0,2095-01-31
554,153326,581,0.13811866248757654,60,30978,0,2095-02-28
240,192932,3641,0.49082666192622393,170,23056,0,2095-03-31
557,21344,1130,0.26363259045762827,152,30007,0,2095-04-30
418,404966,251,0.4532104819572184,19,44169,0,2095-05-31
458,457972,3907,0.0819405118902411,47,49287,0,2095-06-30
873,77957,4105,0.32140945740008714,86,45632,0,2095-07-31
978,115423,2289,0.4049300936802931,151,49449,0,2095-08-31
983,330197,798,0.4736976247932234,138,6543,0,2095-09-30
166,474071,724,0.16867007050851174,109,22067,0,2095-10-31
183,156968,4864,0.36249058496202624,182,46256,1,2095-11-30
107,196833,2859,0.2694065045198095,27,26097,0,2095-12-31
605,203624,785,0.030314463033234096,196,43847,0,2096-01-31
734,261147,4036,0.3449998686544717,190,44512,0,2096-02-29
721,87454,2257,0.3450482791189217,58,4809,0,2096-03-31
222,267594,88,0.4653034024232685,132,23191,0,2096-04-30
878,362744,3936,0.2486562230844862,50,22267,0,2096-05-31
864,394876,865,0.11512546035525734,148,8206,0,2096-06-30
198,431151,2158,0.022281911724339576,11,22057,0,2096-07-31
129,47641,1041,0.20782109334295285,49,29992,0,2096-08-31
935,39711,4950,0.1509583500387509,131,47514,0,2096-09-30
262,342486,3281,0.3805441530119378,112,16995,0,2096-10-31
252,379040,3586,0.1771338824205233,169,49803,0,2096-11-30
813,153254,4192,0.47453559815742197,165,45439,0,2096-12-31
278,97833,3466,0.4811551014938921,152,14210,0,2097-01-31
725,328420,3516,0.31045429510885403,13,18793,0,2097-02-28
276,291685,417,0.46433014350744145,31,27270,0,2097-03-31
708,366601,2721,0.3804271722572478,138,6197,0,2097-04-30
581,485526,3098,0.2734298204875631,188,49321,0,2097-05-31
490,54813,1678,0.09015396771138906,145,8452,0,2097-06-30
451,178270,157,0.22929897175692,154,42486,0,2097-07-31
96,149892,4337,0.2804372316813088,54,15859,0,2097-08-31
282,296214,3907,0.4319807903675051,181,28236,0,2097-09-30
354,472984,1960,0.24066668826783244,119,32899,0,2097-10-31
575,414338,375,0.4488373363389783,74,33083,0,2097-11-30
192,352703,1684,0.33717448951173445,20,3172,1,2097-12-31
464,214615,4541,0.06849953152683569,171,46926,0,2098-01-31
562,486657,4504,0.4974906846625465,132,17663,0,2098-02-28
422,51786,2556,0.2636163303769563,86,28540,0,2098-03-31
615,236006,572,0.19592914820453944,168,20053,0,2098-04-30
935,240876,3572,0.32955688223476326,58,12085,0,2098-05-31
308,409953,2499,0.05444665699051954,88,31564,0,2098-06-30
705,308206,782,0.3182693233766772,181,25209,0,2098-07-31
520,457453,2047,0.24911800024963648,149,4981,0,2098-08-31
61,323715,3433,0.20333703499929157,82,22153,0,2098-09-30
379,297654,2577,0.4765100105894496,64,6247,0,2098-10-31
785,291570,1583,0.2612698583660266,63,11553,0,2098-11-30
833,47265,3704,0.10955873973496921,70,21811,0,2098-12-31
407,421066,3301,0.22948173968864932,3,30845,0,2099-01-31
457,259321,1256,0.4596937022863363,192,7135,0,2099-02-28
717,76150,3729,0.08804773566529733,142,6573,0,2099-03-31
422,97312,3849,0.10697851934411845,103,14731,0,2099-04-30
57,99613,369,0.006514783878541874,149,8189,0,2099-05-31
171,347054,2386,0.00709502469788359,174,15541,0,2099-06-30
397,324519,3019,0.41469581347925627,92,44646,0,2099-07-31
725,131826,3003,0.3660613034214779,173,12087,0,2099-08-31
139,45435,972,0.17752052822597914,141,47435,0,2099-09-30
697,368587,3642,0.3491555786137864,177,3776,0,2099-10-31
747,460348,1837,0.1976029631549851,147,43079,0,2099-11-30
365,220017,1623,0.47644839799891375,177,28564,0,2099-12-31
227,485266,1650,0.4835263407130174,111,29835,0,2100-01-31
589,498618,2226,0.1963968879046717,160,8697,0,2100-02-28
781,144055,4322,0.427110953170434,118,15629,0,2100-03-31
918,161734,387,0.3865445208487331,58,9386,0,2100-04-30
90,295654,4224,0.15499996858589465,42,18046,0,2100-05-31
789,219259,4295,0.11601991445055299,11,9044,0,2100-06-30
753,182070,379,0.22911732519641692,39,10615,0,2100-07-31
972,460062,2206,0.3906744203072031,117,48802,0,2100-08-31
551,104071,3757,0.4800838923643727,19,6060,0,2100-09-30
194,278784,661,0.3817895344332863,165,11900,1,2100-10-31
250,316691,779,0.427603492509185,130,6581,0,2100-11-30
978,326764,2431,0.30153215308525827,155,35782,0,2100-12-31
773,156389,790,0.41770391542106294,183,21173,0,2101-01-31
510,125608,1726,0.3922104290017088,89,13997,0,2101-02-28
781,279708,3993,0.18849277096314004,93,44403,0,2101-03-31
801,168417,1321,0.27599515106036054,12,47416,0,2101-04-30
974,123824,3369,0.4023765609948474,65,8148,0,2101-05-31
958,497439,532,0.023028367094978186,36,19748,0,2101-06-30
607,264444,531,0.40403964117791497,176,15022,0,2101-07-31
596,89273,4888,0.08894406202451172,65,21013,0,2101-08-31
302,347003,2330,0.2573418085607195,35,39687,0,2101-09-30
439,221837,945,0.4041377197779688,181,16886,0,2101-10-31
643,120017,2240,0.12691053907834743,25,26256,0,2101-11-30
932,477254,4050,0.1229037196530765,74,31005,0,2101-12-31
305,133618,4593,0.20138219923112594,199,7638,0,2102-01-31
758,455609,4951,0.44732139878881727,107,38419,0,2102-02-28
864,469297,3707,0.0002213907186039421,167,34377,0,2102-03-31
970,135341,2847,0.45069154832096747,42,41708,0,2102-04-30
499,301574,4093,0.07690351232080389,149,44116,0,2102-05-31
59,216604,2471,0.49504318803374103,147,37634,1,2102-06-30
873,37788,3253,0.47742349651923405,7,17755,0,2102-07-31
847,236577,3369,0.24733759479564166,28,24382,0,2102-08-31
291,451759,695,0.2563601239063141,39,23394,0,2102-09-30
300,417135,2170,0.24077467013792714,157,3253,0,2102-10-31
926,341490,3998,0.3177218228297613,127,38710,0,2102-11-30
54,368266,4076,0.04536085111746552,83,46098,0,2102-12-31
168,49974,1577,0.016308974170783253,115,1864,0,2103-01-31
850,379453,48,0.02885146420794943,182,35036,0,2103-02-28
423,26371,2554,0.2221826746207572,143,41222,0,2103-03-31
114,317228,4885,0.1377739696097417,173,14666,0,2103-04-30
195,432845,1266,0.3110197811854969,61,21955,1,2103-05-31
273,192256,3000,0.4962211446873895,6,46138,0,2103-06-30
288,334060,2206,0.19316158653823295,44,38997,0,2103-07-31
226,83972,3478,0.2869206270522567,186,17309,0,2103-08-31
828,203259,2718,0.20780194795366774,183,5054,0,2103-09-30
902,285128,311,0.4236358338609297,175,1935,0,2103-10-31
331,305183,656,0.45111820173111905,154,45940,0,2103-11-30
112,95431,4768,0.43867780610263,180,23778,1,2103-12-31
266,355835,1769,0.4871861193396288,87,44298,0,2104-01-31
903,330750,4361,0.013759592570207646,72,49328,0,2104-02-29
876,413832,607,0.4199080810727655,162,49924,0,2104-03-31
844,374809,671,0.37588608651954664,178,17709,0,2104-04-30
738,115373,4340,0.11434720470018239,36,10726,0,2104-05-31
510,191144,1378,0.4781600466937638,118,41542,0,2104-06-30
978,296718,2591,0.07408896411497273,56,21245,0,2104-07-31
659,406646,3878,0.3397749635669542,7,35753,0,2104-08-31
154,260195,3547,0.11244510840795624,94,15252,0,2104-09-30
148,153748,4875,0.21569032438703734,116,22316,0,2104-10-31
560,414032,4318,0.35957994847228447,109,38371,0,2104-11-30
434,42733,4568,0.28166232101652333,19,20162,0,2104-12-31
454,226752,292,0.21375091566405585,123,16960,0,2105-01-31
872,12050,3688,0.1631692154659936,52,31791,0,2105-02-28
567,119996,1496,0.41982982785439515,118,43230,0,2105-03-31
525,43933,4092,0.07190717515740686,11,26216,0,2105-04-30
758,34951,4193,0.21505143826490003,176,33467,0,2105-05-31
912,42413,470,0.4518787858875711,16,47934,0,2105-06-30
694,175873,2335,0.42292477522998384,63,8754,0,2105-07-31
919,196691,3764,0.20047088123652335,41,48014,0,2105-08-31
820,436129,2478,0.38155418180065415,93,5078,0,2105-09-30
486,384717,1734,0.41158041535442963,156,13853,0,2105-10-31
72,443816,1386,0.4444437120018149,146,5042,1,2105-11-30
614,198847,2753,0.272252884524614,10,15389,0,2105-12-31
726,231888,524,0.1022304430273559,97,31425,0,2106-01-31
763,271044,712,0.12765453825196582,177,3575,0,2106-02-28
507,231165,1663,0.1478473370208021,70,40522,0,2106-03-31
132,253662,2076,0.29690124040480775,107,29179,0,2106-04-30
194,176472,32,0.01640481206430422,57,35754,0,2106-05-31
134,407710,2470,0.31802123438998414,33,19624,1,2106-06-30
127,221760,1314,0.182177119214116,19,21350,0,2106-07-31
506,132744,3310,0.14762090124482108,49,27681,0,2106-08-31
927,361575,371,0.4397482853640632,101,24988,0,2106-09-30
50,215763,3737,0.23000119779039946,137,16470,0,2106-10-31
100,53001,1294,0.04752652276634639,159,25704,0,2106-11-30
734,77364,524,0.4133733840131235,51,39736,0,2106-12-31
766,397132,458,0.0238206287182533,14,30377,0,2107-01-31
821,317172,1865,0.3633746120840983,83,29572,0,2107-02-28
495,248506,4979,0.3869531108853326,130,8493,0,2107-03-31
498,238731,3572,0.17630130296442909,36,5103,0,2107-04-30
